[{"pos_x": 167.4, "pos_y": -84.125, "rotation": 90.0, "side": "top", "designator": "RV1", "mpn": null, "pack": "Potentiometer_Alpha_RD901F-40-00D_Single_Vertical_CircularHoles", "value": "10k Poti", "mount_type": "tht"}, {"pos_x": 170.4, "pos_y": -42.4, "rotation": 0.0, "side": "top", "designator": "REF**", "mpn": null, "pack": "MountingHole_3.2mm_M3", "value": "MountingHole_3.2mm_M3", "mount_type": null}, {"pos_x": 170.2, "pos_y": -89.0, "rotation": 0.0, "side": "top", "designator": "REF**", "mpn": null, "pack": "MountingHole_3.2mm_M3", "value": "MountingHole_3.2mm_M3", "mount_type": null}, {"pos_x": 167.8, "pos_y": -58.725, "rotation": 90.0, "side": "top", "designator": "RV2", "mpn": null, "pack": "Potentiometer_Alpha_RD901F-40-00D_Single_Vertical_CircularHoles", "value": "10k Poti", "mount_type": "tht"}, {"pos_x": 170.0, "pos_y": -75.0, "rotation": -90.0, "side": "bottom", "designator": "R2", "mpn": null, "pack": "R_1206_3216Metric_Pad1.30x1.75mm_HandSolder", "value": "4k7", "mount_type": "smt"}, {"pos_x": 171.9, "pos_y": -54.4, "rotation": 0.0, "side": "bottom", "designator": "R1", "mpn": null, "pack": "R_1206_3216Metric_Pad1.30x1.75mm_HandSolder", "value": "4k7", "mount_type": "smt"}, {"pos_x": 175.0, "pos_y": -66.0, "rotation": 180.0, "side": "bottom", "designator": "J1", "mpn": null, "pack": "JST_XH_B5B-XH-A_1x05_P2.50mm_Vertical", "value": "Conn_01x05_Male", "mount_type": "tht"}]