[{"pos_x": 153.0, "pos_y": -64.5, "rotation": 180.0, "side": "top", "designator": "Q1", "mpn": null, "pack": "SOT-23", "value": "BSS138", "mount_type": "smt"}, {"pos_x": 120.3, "pos_y": -56.1, "rotation": 0.0, "side": "top", "designator": "REF**", "mpn": null, "pack": "MountingHole_3.2mm_M3", "value": "MountingHole_3.2mm_M3", "mount_type": null}, {"pos_x": 137.0, "pos_y": -50.5, "rotation": 180.0, "side": "top", "designator": "U1", "mpn": null, "pack": "USB-C", "value": "USB-C", "mount_type": "smt"}, {"pos_x": 146.0, "pos_y": -69.5, "rotation": -90.0, "side": "top", "designator": "R4", "mpn": null, "pack": "R_1206_3216Metric_Pad1.30x1.75mm_HandSolder", "value": "10k", "mount_type": "smt"}, {"pos_x": 153.0, "pos_y": -69.5, "rotation": 180.0, "side": "top", "designator": "Q2", "mpn": null, "pack": "SOT-23", "value": "BSS138", "mount_type": "smt"}, {"pos_x": 146.0, "pos_y": -64.0, "rotation": 90.0, "side": "top", "designator": "R3", "mpn": null, "pack": "R_1206_3216Metric_Pad1.30x1.75mm_HandSolder", "value": "10k", "mount_type": "smt"}, {"pos_x": 160.0, "pos_y": -70.1, "rotation": 90.0, "side": "top", "designator": "R2", "mpn": null, "pack": "R_1206_3216Metric_Pad1.30x1.75mm_HandSolder", "value": "10k", "mount_type": "smt"}, {"pos_x": 129.46, "pos_y": -67.5, "rotation": 90.0, "side": "top", "designator": "J1", "mpn": null, "pack": "PinHeader_1x05_P2.54mm_Vertical", "value": "Conn_01x05_Male", "mount_type": "tht"}, {"pos_x": 169.3, "pos_y": -56.1, "rotation": 0.0, "side": "top", "designator": "REF**", "mpn": null, "pack": "MountingHole_3.2mm_M3", "value": "MountingHole_3.2mm_M3", "mount_type": null}, {"pos_x": 160.0, "pos_y": -63.9, "rotation": 90.0, "side": "top", "designator": "R1", "mpn": null, "pack": "R_1206_3216Metric_Pad1.30x1.75mm_HandSolder", "value": "10k", "mount_type": "smt"}, {"pos_x": 170.5, "pos_y": -61.4, "rotation": 180.0, "side": "bottom", "designator": "J2", "mpn": null, "pack": "PinHeader_2x05_P2.54mm_Vertical", "value": "Conn_02x05_Odd_Even", "mount_type": "tht"}]