[{"pos_x": 139.25, "pos_y": -140.3, "rotation": -90.0, "side": "top", "designator": "C4", "mpn": null, "pack": "C_1206_3216Metric_Pad1.33x1.80mm_HandSolder", "value": "100nF", "mount_type": "smt"}, {"pos_x": 136.75, "pos_y": -75.3, "rotation": -90.0, "side": "top", "designator": "C3", "mpn": null, "pack": "C_1206_3216Metric_Pad1.33x1.80mm_HandSolder", "value": "100nF", "mount_type": "smt"}, {"pos_x": 143.9, "pos_y": -91.8, "rotation": 0.0, "side": "top", "designator": "S2", "mpn": null, "pack": "228CMVARGBFR_SMD", "value": "228CMVARGBFR", "mount_type": "smt"}, {"pos_x": 143.9, "pos_y": -124.3, "rotation": 180.0, "side": "top", "designator": "S3", "mpn": null, "pack": "228CMVARGBFR_SMD", "value": "228CMVARGBFR", "mount_type": "smt"}, {"pos_x": 143.7, "pos_y": -156.8, "rotation": 0.0, "side": "top", "designator": "S4", "mpn": null, "pack": "228CMVARGBFR_SMD", "value": "228CMVARGBFR", "mount_type": "smt"}, {"pos_x": 143.9, "pos_y": -59.3, "rotation": 180.0, "side": "top", "designator": "S1", "mpn": null, "pack": "228CMVARGBFR_SMD", "value": "228CMVARGBFR", "mount_type": "smt"}, {"pos_x": 144.1, "pos_y": -20.4, "rotation": 0.0, "side": "top", "designator": "M2", "mpn": null, "pack": "MountingHole_3.2mm_M3", "value": "MountingHole_3.2mm_M3", "mount_type": null}, {"pos_x": 143.4875, "pos_y": -30.7, "rotation": -90.0, "side": "top", "designator": "SW1", "mpn": null, "pack": "PEC11R4230KS0024", "value": "Rotary_Encoder_Switch", "mount_type": "tht"}, {"pos_x": 144.1, "pos_y": -174.5, "rotation": 0.0, "side": "top", "designator": "M1", "mpn": null, "pack": "MountingHole_3.2mm_M3", "value": "MountingHole_3.2mm_M3", "mount_type": null}, {"pos_x": 143.7, "pos_y": -140.3, "rotation": -90.0, "side": "bottom", "designator": "U2", "mpn": null, "pack": "SOIC-16_3.9x9.9mm_P1.27mm", "value": "TPIC6C595", "mount_type": "smt"}, {"pos_x": 143.7, "pos_y": -75.3, "rotation": -90.0, "side": "bottom", "designator": "U1", "mpn": null, "pack": "SOIC-16_3.9x9.9mm_P1.27mm", "value": "TPIC6C595", "mount_type": "smt"}, {"pos_x": 132.2, "pos_y": -37.4, "rotation": 90.0, "side": "bottom", "designator": "R18", "mpn": null, "pack": "R_1206_3216Metric_Pad1.30x1.75mm_HandSolder", "value": "27k", "mount_type": "smt"}, {"pos_x": 142.1, "pos_y": -91.9, "rotation": 90.0, "side": "bottom", "designator": "R9", "mpn": null, "pack": "R_1206_3216Metric_Pad1.30x1.75mm_HandSolder", "value": "155", "mount_type": "smt"}, {"pos_x": 144.7, "pos_y": -147.3, "rotation": 90.0, "side": "bottom", "designator": "R16", "mpn": null, "pack": "R_1206_3216Metric_Pad1.30x1.75mm_HandSolder", "value": "100", "mount_type": "smt"}, {"pos_x": 142.3, "pos_y": -156.7, "rotation": 90.0, "side": "bottom", "designator": "R15", "mpn": null, "pack": "R_1206_3216Metric_Pad1.30x1.75mm_HandSolder", "value": "155", "mount_type": "smt"}, {"pos_x": 145.1, "pos_y": -156.8, "rotation": 90.0, "side": "bottom", "designator": "R14", "mpn": null, "pack": "R_1206_3216Metric_Pad1.30x1.75mm_HandSolder", "value": "165", "mount_type": "smt"}, {"pos_x": 139.8, "pos_y": -132.95, "rotation": -90.0, "side": "bottom", "designator": "R13", "mpn": null, "pack": "R_1206_3216Metric_Pad1.30x1.75mm_HandSolder", "value": "100", "mount_type": "smt"}, {"pos_x": 145.3, "pos_y": -91.85, "rotation": 90.0, "side": "bottom", "designator": "R8", "mpn": null, "pack": "R_1206_3216Metric_Pad1.30x1.75mm_HandSolder", "value": "165", "mount_type": "smt"}, {"pos_x": 145.1, "pos_y": -124.2, "rotation": -90.0, "side": "bottom", "designator": "R12", "mpn": null, "pack": "R_1206_3216Metric_Pad1.30x1.75mm_HandSolder", "value": "155", "mount_type": "smt"}, {"pos_x": 142.2, "pos_y": -124.2, "rotation": -90.0, "side": "bottom", "designator": "R11", "mpn": null, "pack": "R_1206_3216Metric_Pad1.30x1.75mm_HandSolder", "value": "165", "mount_type": "smt"}, {"pos_x": 144.335, "pos_y": -82.6, "rotation": 90.0, "side": "bottom", "designator": "R10", "mpn": null, "pack": "R_1206_3216Metric_Pad1.30x1.75mm_HandSolder", "value": "100", "mount_type": "smt"}, {"pos_x": 145.4, "pos_y": -59.4, "rotation": -90.0, "side": "bottom", "designator": "R6", "mpn": null, "pack": "R_1206_3216Metric_Pad1.30x1.75mm_HandSolder", "value": "155", "mount_type": "smt"}, {"pos_x": 142.6, "pos_y": -59.4, "rotation": -90.0, "side": "bottom", "designator": "R5", "mpn": null, "pack": "R_1206_3216Metric_Pad1.30x1.75mm_HandSolder", "value": "165", "mount_type": "smt"}, {"pos_x": 134.4, "pos_y": -23.0, "rotation": 180.0, "side": "bottom", "designator": "C1", "mpn": null, "pack": "C_1206_3216Metric_Pad1.33x1.80mm_HandSolder", "value": "100nF", "mount_type": "smt"}, {"pos_x": 146.4, "pos_y": -68.4, "rotation": 90.0, "side": "bottom", "designator": "R20", "mpn": null, "pack": "R_1206_3216Metric_Pad1.30x1.75mm_HandSolder", "value": "4K7", "mount_type": "smt"}, {"pos_x": 146.3, "pos_y": -133.0, "rotation": 90.0, "side": "bottom", "designator": "R21", "mpn": null, "pack": "R_1206_3216Metric_Pad1.30x1.75mm_HandSolder", "value": "4K7", "mount_type": "smt"}, {"pos_x": 134.4, "pos_y": -27.8, "rotation": 0.0, "side": "bottom", "designator": "R17", "mpn": null, "pack": "R_1206_3216Metric_Pad1.30x1.75mm_HandSolder", "value": "27k", "mount_type": "smt"}, {"pos_x": 136.2, "pos_y": -40.7691, "rotation": 0.0, "side": "bottom", "designator": "C2", "mpn": null, "pack": "C_1206_3216Metric_Pad1.33x1.80mm_HandSolder", "value": "100nF", "mount_type": "smt"}, {"pos_x": 139.8, "pos_y": -68.4, "rotation": -90.0, "side": "bottom", "designator": "R7", "mpn": null, "pack": "R_1206_3216Metric_Pad1.30x1.75mm_HandSolder", "value": "100", "mount_type": "smt"}, {"pos_x": 138.0, "pos_y": -122.0, "rotation": 0.0, "side": "bottom", "designator": "R22", "mpn": null, "pack": "R_1206_3216Metric_Pad1.30x1.75mm_HandSolder", "value": "4k7", "mount_type": "smt"}, {"pos_x": 143.9, "pos_y": -109.5, "rotation": 180.0, "side": "bottom", "designator": "U3", "mpn": null, "pack": "attiny1626", "value": "ATtiny1626", "mount_type": "smt"}, {"pos_x": 149.75, "pos_y": -159.1, "rotation": 180.0, "side": "bottom", "designator": "R19", "mpn": null, "pack": "R_1206_3216Metric_Pad1.30x1.75mm_HandSolder", "value": "4k7", "mount_type": "smt"}, {"pos_x": 151.0, "pos_y": -79.3, "rotation": -90.0, "side": "bottom", "designator": "R23", "mpn": null, "pack": "R_1206_3216Metric_Pad1.30x1.75mm_HandSolder", "value": "0R", "mount_type": "smt"}, {"pos_x": 135.0, "pos_y": -100.7, "rotation": 90.0, "side": "bottom", "designator": "R2", "mpn": null, "pack": "R_1206_3216Metric_Pad1.30x1.75mm_HandSolder", "value": "0R", "mount_type": "smt"}, {"pos_x": 133.575, "pos_y": -146.975, "rotation": 90.0, "side": "bottom", "designator": "J5", "mpn": null, "pack": "PinHeader_2x02_P2.54mm_Vertical", "value": "Programm_Jumper", "mount_type": "tht"}, {"pos_x": 152.8, "pos_y": -101.3226, "rotation": 90.0, "side": "bottom", "designator": "C5", "mpn": null, "pack": "CP_Radial_D4.0mm_P1.50mm", "value": "10uF", "mount_type": "tht"}, {"pos_x": 138.6, "pos_y": -175.9, "rotation": 0.0, "side": "bottom", "designator": "J1", "mpn": null, "pack": "PinSocket_1x05_P2.54mm_Horizontal", "value": "SPI_Female", "mount_type": "tht"}, {"pos_x": 132.1, "pos_y": -153.3, "rotation": 180.0, "side": "bottom", "designator": "J4", "mpn": null, "pack": "PinHeader_1x03_P2.54mm_Vertical", "value": "UPDI_Interface", "mount_type": "tht"}, {"pos_x": 147.9, "pos_y": -45.075, "rotation": 180.0, "side": "bottom", "designator": "J3", "mpn": null, "pack": "JST_XH_B5B-XH-A_1x05_P2.50mm_Vertical", "value": "Conn_01x05", "mount_type": "tht"}, {"pos_x": 147.0, "pos_y": -101.25, "rotation": 0.0, "side": "bottom", "designator": "C6", "mpn": null, "pack": "C_1206_3216Metric_Pad1.33x1.80mm_HandSolder", "value": "100nF", "mount_type": "smt"}, {"pos_x": 152.9, "pos_y": -44.8, "rotation": 90.0, "side": "bottom", "designator": "R4", "mpn": null, "pack": "R_1206_3216Metric_Pad1.30x1.75mm_HandSolder", "value": "4k7", "mount_type": "smt"}, {"pos_x": 148.3, "pos_y": -95.6, "rotation": 90.0, "side": "bottom", "designator": "R3", "mpn": null, "pack": "R_1206_3216Metric_Pad1.30x1.75mm_HandSolder", "value": "4k7", "mount_type": "smt"}, {"pos_x": 156.6, "pos_y": -175.9, "rotation": 0.0, "side": "bottom", "designator": "J2", "mpn": null, "pack": "PinHeader_1x05_P2.54mm_Horizontal", "value": "SPI_Male", "mount_type": "tht"}, {"pos_x": 131.6, "pos_y": -106.1, "rotation": 90.0, "side": "bottom", "designator": "R1", "mpn": null, "pack": "R_1206_3216Metric_Pad1.30x1.75mm_HandSolder", "value": "0R", "mount_type": "smt"}]