<?xml version="1.0" encoding="utf-8"?>
<!--/1366459/682930/2.49/6/3/Connector/-->
<quadcept_library>
  <setting unit="mil" />
  <textstyle name="Default" height="47.244094488189" strokewidth="7.8740157480315" charwidth="47.244094488189" />
  <textstyle name="Dimension" height="19.6850393700787" strokewidth="0" charwidth="19.6850393700787" />
  <textstyle name="H127W0635TH00762" height="50" strokewidth="3" charwidth="25" />
  <textstyle name="H15W15TH02" height="59.0551181102362" strokewidth="7.8740157480315" charwidth="59.0551181102362" />
  <padstyle name="c172.5_h115" surface="False" plated="True" isvia="False" nopaste="True" nomask="True" complex="False" holesize="45.275590551181">
    <padshape layer="TOP" shape="round" width="67.913385826771" height="67.913385826771" />
    <padshape layer="TOP_SOLDER_MASK" shape="round" width="75.787401574802" height="75.787401574802" />
    <padshape layer="INNER" shape="round" width="67.913385826771" height="67.913385826771" />
    <padshape layer="BOTTOM" shape="round" width="67.913385826771" height="67.913385826771" />
    <padshape layer="BOTTOM_SOLDER_MASK" shape="round" width="75.787401574802" height="75.787401574802" />
  </padstyle>
  <padstyle name="s172.5_h115" surface="False" plated="True" isvia="False" nopaste="True" nomask="True" complex="False" holesize="45.275590551181">
    <padshape layer="TOP" shape="square" width="67.913385826771" height="67.913385826771" />
    <padshape layer="TOP_SOLDER_MASK" shape="square" width="75.787401574802" height="75.787401574802" />
    <padshape layer="INNER" shape="round" width="67.913385826771" height="67.913385826771" />
    <padshape layer="BOTTOM" shape="square" width="67.913385826771" height="67.913385826771" />
    <padshape layer="BOTTOM_SOLDER_MASK" shape="square" width="75.787401574802" height="75.787401574802" />
  </padstyle>
  <footprint name="HDRV6W67P254_2X3_762X483X858P" originx="0" originy="0" pickpointx="0" pickpointy="0">
    <pcbpin number="1" name="1" style="s172.5_h115" originx="0" originy="0" rotation="90" />
    <pcbpin number="2" name="2" style="c172.5_h115" originx="0" originy="99.999999999999" rotation="90" />
    <pcbpin number="3" name="3" style="c172.5_h115" originx="99.999999999999" originy="0" rotation="90" />
    <pcbpin number="4" name="4" style="c172.5_h115" originx="99.999999999999" originy="99.999999999999" rotation="90" />
    <pcbpin number="5" name="5" style="c172.5_h115" originx="200" originy="0" rotation="90" />
    <pcbpin number="6" name="6" style="c172.5_h115" originx="200" originy="99.999999999999" rotation="90" />
    <line layer="TOP_PLACE_BOUND" originx="-59.842519685039" originy="-54.921259842519" endx="-59.842519685039" endy="154.92125984252" width="1.9685039370079" />
    <line layer="TOP_PLACE_BOUND" originx="-59.842519685039" originy="154.92125984252" endx="259.84251968504" endy="154.92125984252" width="1.9685039370079" />
    <line layer="TOP_PLACE_BOUND" originx="259.84251968504" originy="154.92125984252" endx="259.84251968504" endy="-54.921259842519" width="1.9685039370079" />
    <line layer="TOP_PLACE_BOUND" originx="259.84251968504" originy="-54.921259842519" endx="-59.842519685039" endy="-54.921259842519" width="1.9685039370079" />
    <line layer="TOP_ASSEMBLY" originx="-49.999999999999" originy="-45.07874015748" endx="-49.999999999999" endy="145.07874015748" width="3.9370078740157" />
    <line layer="TOP_ASSEMBLY" originx="-49.999999999999" originy="145.07874015748" endx="250" endy="145.07874015748" width="3.9370078740157" />
    <line layer="TOP_ASSEMBLY" originx="250" originy="145.07874015748" endx="250" endy="-45.07874015748" width="3.9370078740157" />
    <line layer="TOP_ASSEMBLY" originx="250" originy="-45.07874015748" endx="-49.999999999999" endy="-45.07874015748" width="3.9370078740157" />
    <line layer="TOP_SILKSCREEN" originx="-49.999999999999" originy="0" endx="-49.999999999999" endy="-45.07874015748" width="7.8740157480314" />
    <line layer="TOP_SILKSCREEN" originx="-49.999999999999" originy="-45.07874015748" endx="250" endy="-45.07874015748" width="7.8740157480314" />
    <line layer="TOP_SILKSCREEN" originx="250" originy="-45.07874015748" endx="250" endy="145.07874015748" width="7.8740157480314" />
    <line layer="TOP_SILKSCREEN" originx="250" originy="145.07874015748" endx="0" endy="145.07874015748" width="7.8740157480314" />
  </footprint>
  <symbol name="10129381-906001BLF" originx="0" originy="0">
    <line originx="200" originy="100" endx="600" endy="100" width="0" />
    <line originx="600" originy="-300" endx="600" endy="100" width="0" />
    <line originx="600" originy="-300" endx="200" endy="-300" width="0" />
    <line originx="200" originy="100" endx="200" endy="-300" width="0" />
    <sympin number="1" originx="200" originy="0" rotation="180" length="100" width="7.8740157480315" flipped="False">
      <text name="pinname" originx="230" originy="0" style="Default" rotation="0" justify="left" flipped="False" hidden="False" data="1" />
      <text name="pindes" originx="140" originy="20" style="Default" rotation="0" justify="lowerright" flipped="False" hidden="False" data="1" />
    </sympin>
    <sympin number="3" originx="200" originy="-100" rotation="180" length="100" width="7.8740157480315" flipped="False">
      <text name="pinname" originx="230" originy="-100" style="Default" rotation="0" justify="left" flipped="False" hidden="False" data="3" />
      <text name="pindes" originx="140" originy="-80" style="Default" rotation="0" justify="lowerright" flipped="False" hidden="False" data="3" />
    </sympin>
    <sympin number="5" originx="200" originy="-200" rotation="180" length="100" width="7.8740157480315" flipped="False">
      <text name="pinname" originx="230" originy="-200" style="Default" rotation="0" justify="left" flipped="False" hidden="False" data="5" />
      <text name="pindes" originx="140" originy="-180" style="Default" rotation="0" justify="lowerright" flipped="False" hidden="False" data="5" />
    </sympin>
    <sympin number="2" originx="600" originy="0" rotation="0" length="100" width="7.8740157480315" flipped="False">
      <text name="pinname" originx="570" originy="0" style="Default" rotation="0" justify="right" flipped="False" hidden="False" data="2" />
      <text name="pindes" originx="660" originy="20" style="Default" rotation="0" justify="lowerleft" flipped="False" hidden="False" data="2" />
    </sympin>
    <sympin number="4" originx="600" originy="-100" rotation="0" length="100" width="7.8740157480315" flipped="False">
      <text name="pinname" originx="570" originy="-100" style="Default" rotation="0" justify="right" flipped="False" hidden="False" data="4" />
      <text name="pindes" originx="660" originy="-80" style="Default" rotation="0" justify="lowerleft" flipped="False" hidden="False" data="4" />
    </sympin>
    <sympin number="6" originx="600" originy="-200" rotation="0" length="100" width="7.8740157480315" flipped="False">
      <text name="pinname" originx="570" originy="-200" style="Default" rotation="0" justify="right" flipped="False" hidden="False" data="6" />
      <text name="pindes" originx="660" originy="-180" style="Default" rotation="0" justify="lowerleft" flipped="False" hidden="False" data="6" />
    </sympin>
  </symbol>
  <component name="10129381-906001BLF" designatorprefix="J" height="337.79527559055" footprint="HDRV6W67P254_2X3_762X483X858P">
    <comppin designator="1" sympin="1" pinswap="0" gateswap="0" gate="1" group="1" side="" type="Any" name="1" />
    <comppin designator="2" sympin="2" pinswap="0" gateswap="0" gate="1" group="1" side="" type="Any" name="2" />
    <comppin designator="3" sympin="3" pinswap="0" gateswap="0" gate="1" group="1" side="" type="Any" name="3" />
    <comppin designator="4" sympin="4" pinswap="0" gateswap="0" gate="1" group="1" side="" type="Any" name="4" />
    <comppin designator="5" sympin="5" pinswap="0" gateswap="0" gate="1" group="1" side="" type="Any" name="5" />
    <comppin designator="6" sympin="6" pinswap="0" gateswap="0" gate="1" group="1" side="" type="Any" name="6" />
    <attached_symbol gate="1" name="10129381-906001BLF" />
    <pinmap designator="1" footprintpin="1" />
    <pinmap designator="2" footprintpin="2" />
    <pinmap designator="3" footprintpin="3" />
    <pinmap designator="4" footprintpin="4" />
    <pinmap designator="5" footprintpin="5" />
    <pinmap designator="6" footprintpin="6" />
    <text name="Datasheet" originx="0" originy="0" style="Default" rotation="0" justify="" flipped="False" hidden="True" data="https://cdn.amphenol-icc.com/media/wysiwyg/files/drawing/10129381.pdf" />
    <text name="Description" originx="0" originy="0" style="Default" rotation="0" justify="" flipped="False" hidden="True" data="HEADER DR VT TH 2X3" />
    <text name="Mouser Part Number" originx="0" originy="0" style="Default" rotation="0" justify="" flipped="False" hidden="True" data="649-1012938190601BLF" />
    <text name="Mouser Price/Stock" originx="0" originy="0" style="Default" rotation="0" justify="" flipped="False" hidden="True" data="https://www.mouser.co.uk/ProductDetail/Amphenol-FCI/10129381-906001BLF?qs=0lQeLiL1qyZMxGRnx95Mzg%3D%3D" />
    <text name="Manufacturer_Name" originx="0" originy="0" style="Default" rotation="0" justify="" flipped="False" hidden="True" data="Amphenol" />
    <text name="Manufacturer_Part_Number" originx="650" originy="200" style="Default" rotation="0" justify="left" flipped="False" hidden="False" data="10129381-906001BLF" />
  </component>
</quadcept_library>
